blockNumber,blockHash,timeStamp,hash,nonce,transactionIndex,from,to,value,gas,gasPrice,input,methodId,functionName,contractAddress,cumulativeGasUsed,txreceipt_status,gasUsed,confirmations,isError
24918039,0x2c0136490cac5421359c385fbe665635e71ec81bcc2dd66808602f8345e4281f,1776651155,0xf93be94e291457cfa9426fe4ffaed87dabdc8699d60b1181c48136c34e094dfd,1051,122,0x2e0ece61d3f2353a851b268f34dca0bc3904df2a,0xde0b295669a9fd93d5f28d9ec85e40f4cb697bae,0.0,38191,412354611,0xb61d27f60000000000000000000000005be9a4959308a0d0c7bc0870e319314d8d957dbb000000000000000000000000000000000000000000000000000000000000000000000000000000000000000000000000000000000000000000000000000000600000000000000000000000000000000000000000000000000000000000000024610b59250000000000000000000000002e0ece61d3f2353a851b268f34dca0bc3904df2a00000000000000000000000000000000000000000000000000000000,0xb61d27f6,"execute(address _to, uint256 _value, bytes _data)",,19196752,1,25120,54092,0
24886506,0xdbd0c8e94bf72964d8d08256e76c1074dfdc03312b6d0b3c880e897dcae10ec6,1776271643,0x467e95eda57ab3e39acde5411d39a4f2c9b9a7625e32a0dfccc258e5826b0bb0,407,171,0xa7c0b5c271b35ae5223e6f33a655e02bf67a0546,0xde0b295669a9fd93d5f28d9ec85e40f4cb697bae,0.0,46629,124750097,0x2f54bf6e000000000000000000000000a7c0b5c271b35ae5223e6f33a655e02bf67a0546,0x2f54bf6e,isOwner(address _addr),,17874764,1,23913,85625,0
24836679,0xde2bdc53f754e65f53efe37a2aa4e88b0372fa87924b4b46022368c0c948221f,1775671655,0x0989d40ef0a5e6842595203bfe9f3c4b27714a560f965dec7b48aaa5bb2ac76a,0,141,0xcea1f76c1f7c67d59da5e6f959a3fd6a4c417a04,0xde0b295669a9fd93d5f28d9ec85e40f4cb697bae,1e-07,21000,265344025,0x,0x,,,15689742,0,21000,135452,1
24836670,0x8c5903644a0078df5ba9a6369b70ba3de0e502e593dbeac1163573cbf5353c97,1775671547,0xfa1a7334543eaafe574fec5072cb0494fbaebf4d12f14cf0f5db6bcfea3ef5e3,0,223,0x10297d89f3238fcec4b70b8242238d8fc42b3a3e,0xde0b295669a9fd93d5f28d9ec85e40f4cb697bae,1e-07,21000,305924547,0x,0x,,,24917839,0,21000,135461,1
24751345,0x815b44969431a49f5c06f8bce450acf18ad9a419674c92e18641ffdcb39bf5b2,1774644035,0x48d68cc412bf00b4a37eccd55ac642245f1db423d2557d8b322f2af44d7e4ec6,12,67,0xfb36ee1e268b1b4307c33bc05b210884270db149,0xde0b295669a9fd93d5f28d9ec85e40f4cb697bae,0.0,30747,229801336,0x797af627664ea2ee718538654e745b687869e46756053779a80c00e1462d88a1223344ad,0x797af627,confirm(bytes32 _h),,5451794,1,24259,220786,0
24751315,0x152ab40470b2b10818e70907d0cf0bad260caf117f0e7713bc3b6f6087855275,1774643675,0x3cc3dd27c74f5033e2829db9d2401f6fb918941eae9d92d8e84d98cbc935683d,0,87,0x134c0a639ced2168e3b96ccaaa8a425c462ad171,0xde0b295669a9fd93d5f28d9ec85e40f4cb697bae,0.0,30747,236553702,0x797af627664ea2ee718538654e745b687869e46756053779a80c00e1462d88a1223344ad,0x797af627,confirm(bytes32 _h),,9003016,1,24259,220816,0
24751213,0xdd372ba55b44f341e65b4948976944a28788e671a3371b0fc63330d05086d20d,1774642451,0xedc0180c7a4720bcea8c88d998cfe16a54a04f05718163c2687f062db566a689,78,92,0x651f3a9a59b69e284f834f4914a6ed206a516371,0xde0b295669a9fd93d5f28d9ec85e40f4cb697bae,0.0,36988,2110023251,0xcbf0b0c0000000000000000000000000651f3a9a59b69e284f834f4914a6ed206a516371,0xcbf0b0c0,kill(address _to),,17095728,1,24320,220918,0
24751202,0x42f2243e87cbd94c8373676d4fdbfe3379075773e3694656c6a63319c794b525,1774642319,0x664ea2ee718538654e745b687869e46756053779a80c00e1462d88a1223344ad,77,47,0x651f3a9a59b69e284f834f4914a6ed206a516371,0xde0b295669a9fd93d5f28d9ec85e40f4cb697bae,0.0,37464,2114901331,0xb61d27f6000000000000000000000000651f3a9a59b69e284f834f4914a6ed206a516371000000000000000000000000000000000000000000000000016345785d8a000000000000000000000000000000000000000000000000000000000000000000600000000000000000000000000000000000000000000000000000000000000000,0xb61d27f6,"execute(address _to, uint256 _value, bytes _data)",,3640554,1,24636,220929,0
24751144,0xe511678fb45692e1b256fd9ee4b2386a8fdba18d58212669ce9b8f256e38b08e,1774641623,0x23ba0d00f2660004f749cc30c570edde8f346a0b37d3bceb364f3c65a091c3fd,76,143,0x651f3a9a59b69e284f834f4914a6ed206a516371,0xde0b295669a9fd93d5f28d9ec85e40f4cb697bae,0.0,36376,112661623,0x2f54bf6e000000000000000000000000651f3a9a59b69e284f834f4914a6ed206a516371,0x2f54bf6e,isOwner(address _addr),,10596482,1,23913,220987,0
24750923,0xf7db895ee24be811c49bb6fe8ecf78183d0cd086e1acb5b00eebd1047c94e051,1774638959,0x4c005486c903174154a5d15c230f71944251f475faff55b4b0ccbf061008215e,75,161,0x651f3a9a59b69e284f834f4914a6ed206a516371,0xde0b295669a9fd93d5f28d9ec85e40f4cb697bae,0.0,36376,138494806,0x2f54bf6e000000000000000000000000134c0a639ced2168e3b96ccaaa8a425c462ad171,0x2f54bf6e,isOwner(address _addr),,17755553,1,23913,221208,0
24750916,0x69065c68d75d0ebdbd2f3edab8082b9b08ce4328397c51cac8ac648f0e87efb2,1774638875,0xc38cabb0c3d313ae31b2621bbf91c012bd982fe793fadcb4d5a34e5143ed0049,74,430,0x651f3a9a59b69e284f834f4914a6ed206a516371,0xde0b295669a9fd93d5f28d9ec85e40f4cb697bae,0.0,36724,147308857,0x7065cb48000000000000000000000000134c0a639ced2168e3b96ccaaa8a425c462ad171,0x7065cb48,addOwner(address _owner),,30541588,1,24144,221215,0
24739909,0x269526b98b95914f67bf68295c078615264a52ea74ff642b34e3918cd7fb33cd,1774506071,0x9192514418a5f5a3740fe02b8157cb6aaf381e20a15e57e9f9b9a322801c1741,94,284,0xeacc91dcbff5cc85b47823ff989a2faf2fee77cf,0xde0b295669a9fd93d5f28d9ec85e40f4cb697bae,0.0,27627,32391956,0xb61d27f6000000000000000000000000eacc91dcbff5cc85b47823ff989a2faf2fee77cf0000000000000000000000000000000000000000000000000de0b6b3a7640000000000000000000000000000000000000000000000000000000000000000006000000000000000000000000000000000000000000000000000000000000000020000000000000000000000000000000000000000000000000000000000000000,0xb61d27f6,"execute(address _to, uint256 _value, bytes _data)",,31432447,1,24776,232222,0
24739834,0x5f6fd753d99ecf50f078cd53503ed1b21ee86e21f4412021cad16635fadfa714,1774505171,0x8cd6215a503197eaa169967130371ed13181daee0c5ec2b7c9eec01b66ae08f1,147,130,0x80c96d2b2a0419418b75d54496d998823c48c563,0xde0b295669a9fd93d5f28d9ec85e40f4cb697bae,0.0,100000,136472455,0xa9059cbb00000000000000000000000080c96d2b2a0419418b75d54496d998823c48c56300000000000000000000000000000000000000000000000000000002540be400,0xa9059cbb,"transfer(address _to, uint256 _value)",,27709011,1,22520,232297,0
24701455,0xf5bbaed0af48037666552379b2810c6e54571369465f6d2856bbcb5bebfd2aac,1774042727,0x1c4d7ec7c6de81bb1f345fd37ec699b611e923b91c1a8de4ee8e916f7c52c80e,343,278,0xa7c0b5c271b35ae5223e6f33a655e02bf67a0546,0xde0b295669a9fd93d5f28d9ec85e40f4cb697bae,0.0,48039,67364314,0xb61d27f6000000000000000000000000a7c0b5c271b35ae5223e6f33a655e02bf67a05460000000000000000000000000000000000000000000000000de0b6b3a764000000000000000000000000000000000000000000000000000000000000000000600000000000000000000000000000000000000000000000000000000000000000,0xb61d27f6,"execute(address _to, uint256 _value, bytes _data)",,18706355,1,24636,270676,0
24701436,0x48a63def701e8e1edfbbdd6757ee4c9f92a700d97147a01d8a811f3bfb5faba9,1774042499,0xce65c2b27f31c6c292f7e229b78114b44cbbc34966f233945601f7b2a13b96a1,342,247,0xa7c0b5c271b35ae5223e6f33a655e02bf67a0546,0xde0b295669a9fd93d5f28d9ec85e40f4cb697bae,0.0,35937,77282628,0x5c52c2f5,0x5c52c2f5,resetSpentToday(),,23310657,1,23733,270695,0
24701408,0xe16c5e3cad738aa04998264940399dc9cab1478b18c63ea5f5ee66d12b5ff0e9,1774042163,0x349ea8881b64b97b1112e1776ea642b8716b92fae7ad9c78e9286ef4111144d3,341,263,0xa7c0b5c271b35ae5223e6f33a655e02bf67a0546,0xde0b295669a9fd93d5f28d9ec85e40f4cb697bae,0.0,37464,89646343,0xb61d27f6000000000000000000000000a7c0b5c271b35ae5223e6f33a655e02bf67a05460000000000000000000000000000000000000000000000000de0b6b3a764000000000000000000000000000000000000000000000000000000000000000000600000000000000000000000000000000000000000000000000000000000000000,0xb61d27f6,"execute(address _to, uint256 _value, bytes _data)",,31291150,1,24636,270723,0
24701343,0x8c6c9e899985dfc4108d1365ce5e5326aea3ceed4d9a282e0063a5ef46fe677f,1774041371,0x91bf46f6a59fc63f4af4567bcc3f6b08992ceda43ebc5e1e82cf0b6612f24e9d,340,182,0xa7c0b5c271b35ae5223e6f33a655e02bf67a0546,0xde0b295669a9fd93d5f28d9ec85e40f4cb697bae,0.0,47424,75034115,0xcbf0b0c0000000000000000000000000a7c0b5c271b35ae5223e6f33a655e02bf67a0546,0xcbf0b0c0,kill(address _to),,16169896,1,24320,270788,0
24701307,0x2a1fda01f5c507f68ae1b1ecda2d8346f008e93dadf89d74b027c8ab15525c35,1774040939,0xf004308cdb4d0561aa5c2d0303689b862a4658b8c23a47083a577d80df980f8b,339,202,0xa7c0b5c271b35ae5223e6f33a655e02bf67a0546,0xde0b295669a9fd93d5f28d9ec85e40f4cb697bae,0.0,36377,60610695,0x2f54bf6e000000000000000000000000a7c0b5c271b35ae5223e6f33a655e02bf67a0546,0x2f54bf6e,isOwner(address _addr),,23010468,1,23913,270824,0
24701292,0xea19fac2c12b176fdc63a3747eeba911d912b05c81049878cdd8f90d4a074c6d,1774040759,0xd0871ff5799407559813fcdda952567d24177636f3f2635a421f6ebf7634086c,338,558,0xa7c0b5c271b35ae5223e6f33a655e02bf67a0546,0xde0b295669a9fd93d5f28d9ec85e40f4cb697bae,0.0,36725,57552693,0x7065cb48000000000000000000000000a7c0b5c271b35ae5223e6f33a655e02bf67a0546,0x7065cb48,addOwner(address _owner),,45714106,1,24144,270839,0
24698870,0x2c8a1bebbb5a745756595c4af1a5df44c988495bb1d20d38b7a6de37978a1081,1774011599,0x86a6b7a64145f2788e7f0289e87e18157723cccb3e790162f6eab0749fb22f85,73,249,0x651f3a9a59b69e284f834f4914a6ed206a516371,0xde0b295669a9fd93d5f28d9ec85e40f4cb697bae,0.0,36106,43860034,0x5c52c2f5,0x5c52c2f5,resetSpentToday(),,30962580,1,23733,273261,0
24698755,0xf824eb8bf5d7d2e7748fe823e11d07bb435f12711017d4c42befbe587a15a381,1774010219,0xecdba8db3928add2df0cd8adcf2460fc47ed84cf955666e6369a32f4d35dbf7f,72,43,0x651f3a9a59b69e284f834f4914a6ed206a516371,0xde0b295669a9fd93d5f28d9ec85e40f4cb697bae,0.0,36579,2044688579,0xba51a6df0000000000000000000000000000000000000000000000000000000000000001,0xba51a6df,changeRequirement(uint256 _newRequired),,2864735,1,24048,273376,0
24698499,0xbd88db6fae5bbaada216e086dc75bcccfaaf96ca379659444d40b7011f551bc7,1774007147,0x068c37b2e5ee8a57cc121cfc01b0e32a42b58b2e92431b1cd3525dc2375dfff7,71,139,0x651f3a9a59b69e284f834f4914a6ed206a516371,0xde0b295669a9fd93d5f28d9ec85e40f4cb697bae,0.0,37464,2071304306,0xb61d27f6000000000000000000000000651f3a9a59b69e284f834f4914a6ed206a5163710000000000000000000000000000000000000000000000000de0b6b3a764000000000000000000000000000000000000000000000000000000000000000000600000000000000000000000000000000000000000000000000000000000000000,0xb61d27f6,"execute(address _to, uint256 _value, bytes _data)",,32502281,1,24636,273632,0
24698495,0xb6a7c388a5355a39d1ff6d2264d72a7a522683bb6df3a66d9e2593c9cba4a937,1774007099,0xe299dd4b75efadcf1b4af1ae9e9e03a741032c8db8f531a1bf3951888f253684,70,83,0x651f3a9a59b69e284f834f4914a6ed206a516371,0xde0b295669a9fd93d5f28d9ec85e40f4cb697bae,0.0,36897,2078167820,0x797af627434b7b4b1b5b9a3f7f7e8b3b3b3b3b3b3b3b3b3b3b3b3b3b3b3b3b3b3b3b3b00,0x797af627,confirm(bytes32 _h),,13636052,1,24259,273636,0
24698484,0x5e865563f748da8de099710b24a11a13e65345298070c574823f3f39d2377a40,1774006967,0x4b291516baf74de887307e963b065093ab661fcc70cf48f4eb8db0003ecf3228,69,102,0x651f3a9a59b69e284f834f4914a6ed206a516371,0xde0b295669a9fd93d5f28d9ec85e40f4cb697bae,0.0,36579,2084227911,0xba51a6df0000000000000000000000000000000000000000000000000000000000000001,0xba51a6df,changeRequirement(uint256 _newRequired),,5822650,1,24048,273647,0
24694783,0xb5c0d5db8f4d99d0f6530e4efdf0b688d08e00340ee6c5f69ed8927390ddc44d,1773962387,0x7734b9eca63444c66573e4ffad56f57a7ee066288681de3110affd94b655cb22,68,556,0x651f3a9a59b69e284f834f4914a6ed206a516371,0xde0b295669a9fd93d5f28d9ec85e40f4cb697bae,0.0,36724,48834277,0x7065cb48000000000000000000000000651f3a9a59b69e284f834f4914a6ed206a516371,0x7065cb48,addOwner(address _owner),,36200845,1,24144,277348,0
24694781,0xa0aed5d68e021e4a4fdffa33d2a472fdde3e9e3d6ba4d0580c3dbbdf8c7d195b,1773962363,0x57af36572cb6966b7901558eeb47ffef9bfb717cd42ca9843e7945b214d264d0,67,589,0x651f3a9a59b69e284f834f4914a6ed206a516371,0xde0b295669a9fd93d5f28d9ec85e40f4cb697bae,0.0,36376,46025934,0x2f54bf6e000000000000000000000000651f3a9a59b69e284f834f4914a6ed206a516371,0x2f54bf6e,isOwner(address _addr),,58657719,1,23913,277350,0
24690828,0x48c6a66171eea4701343dd726107ba773ac81ec926f3cbbe152526d663e14a71,1773914807,0xb827923dd518906ac939c9ea25063c155d98d95745aa2e6fcfdddc918a61d8d1,66,393,0x651f3a9a59b69e284f834f4914a6ed206a516371,0xde0b295669a9fd93d5f28d9ec85e40f4cb697bae,0.0,36376,105388592,0x2f54bf6e000000000000000000000000de0b295669a9fd93d5f28d9ec85e40f4cb697bae,0x2f54bf6e,isOwner(address _addr),,36934665,1,23913,281303,0
24656219,0x56a8a2f685b489c1984db654d613348b86a732e3993ee148d81485de5a019938,1773497267,0x407b24a59300089155a6f5f5fbc4e8c9ae2dc45bffbda42c71ac73d1bbbadb5f,454,163,0x12912d831c9fd3ac917c30f3f033c4f0ab26fe9f,0xde0b295669a9fd93d5f28d9ec85e40f4cb697bae,1e-18,21000,70881515,0x,0x,,,18579049,0,21000,315912,1
24656069,0xcf05a4cc2b2dc2f5064e15430d221eaf24414c1b74e7a866bd0885d9c7062534,1773495467,0x1802d8b9d052cba40aeac4020f9f1c9ab2631263f78086adf1e305d4c95270f0,434,154,0x12912d831c9fd3ac917c30f3f033c4f0ab26fe9f,0xde0b295669a9fd93d5f28d9ec85e40f4cb697bae,1e-18,21000,39624292,0x,0x,,,21807465,0,21000,316062,1
24655905,0xf5c7f1a5ae6b033fd98b9fad978d6c140d78a6be0b6432d145c0b24ce3dc854a,1773493499,0x28dd8df130fac45d8dcacf9a393e9718c2095f0ffcd667d6978501ecfa1885a1,409,265,0x12912d831c9fd3ac917c30f3f033c4f0ab26fe9f,0xde0b295669a9fd93d5f28d9ec85e40f4cb697bae,1e-18,21000,49158617,0x,0x,,,16864989,0,21000,316226,1
24655762,0x7640f5d8fd86bb65397953eee28c861c62098b74da0b176330a0810759614972,1773491783,0xeeb26d08ff53337be1c90f7292bc81fe8ab48e9f97558ccad7bc8bed6c1a5866,382,274,0x12912d831c9fd3ac917c30f3f033c4f0ab26fe9f,0xde0b295669a9fd93d5f28d9ec85e40f4cb697bae,1e-18,21000,80121082,0x,0x,,,37781605,0,21000,316369,1
24655408,0xf4e7fc50330b4bb13770f97527bf98acff13e73c130009faad07c7e66c71f169,1773487523,0x6fc2ffa896a466d351f5f067d840984864917fba32030117e2970e753c5bee6b,346,187,0x12912d831c9fd3ac917c30f3f033c4f0ab26fe9f,0xde0b295669a9fd93d5f28d9ec85e40f4cb697bae,1e-18,21000,29906827,0x,0x,,,27393071,0,21000,316723,1
24655251,0xb38ffdc2b68bd5f1a6437c0fd8148822698fea3ab168df3e378b176708b86c9c,1773485639,0x3d6adfe592001a2bc584bca6e480ad05cc78c649cb9015c6a231d7a37d2d8aa0,320,176,0x12912d831c9fd3ac917c30f3f033c4f0ab26fe9f,0xde0b295669a9fd93d5f28d9ec85e40f4cb697bae,1e-18,21000,33244500,0x,0x,,,10823924,0,21000,316880,1
24654716,0xe4039def7b08f2ab2ea19dcb9af382b4dacbe2da5c67d05c24c65c3d5311f68b,1773479195,0x6833f8811896ff7b4d01cb6265b61c2fadf53c95b6acdaa61c6ce22f9e60c0c2,253,175,0x12912d831c9fd3ac917c30f3f033c4f0ab26fe9f,0xde0b295669a9fd93d5f28d9ec85e40f4cb697bae,1e-18,21000,43378191,0x,0x,,,19088669,0,21000,317415,1
24654553,0xa0dc3b750b00b822f497d5c8c9298998f53a2625d58328dcab5e849a0da3a7f3,1773477239,0x6aaadbae68f992aeec3dd2d1879a473d22c0b6843659f0826b077a8c1aeaf153,235,83,0x12912d831c9fd3ac917c30f3f033c4f0ab26fe9f,0xde0b295669a9fd93d5f28d9ec85e40f4cb697bae,1e-18,21000,50206109,0x,0x,,,6434544,0,21000,317578,1
24654155,0x97e38cfb2c6964ac51b14321702cbf6083e259db2a9fe8f626b9563fa7332e8e,1773472427,0x8a4b196acab5986d906d94792eed7477cb927edcc9390c2c5e097f4f2b51e662,196,942,0x12912d831c9fd3ac917c30f3f033c4f0ab26fe9f,0xde0b295669a9fd93d5f28d9ec85e40f4cb697bae,1e-18,21000,50390773,0x,0x,,,32849872,0,21000,317976,1
24653959,0x788130729bcd84a8c73f128d780b5cb3611e2bb8b242e9ca8f4ee4a4bf506a2b,1773470063,0xa40f3f3fcd8021a3533d88eacd4e6bb994d935ede0b81befada9f3e3307bb929,179,186,0x12912d831c9fd3ac917c30f3f033c4f0ab26fe9f,0xde0b295669a9fd93d5f28d9ec85e40f4cb697bae,1e-18,21000,30725187,0x,0x,,,22858378,0,21000,318172,1
24653760,0x856af8f4b06ed11ae7c1aff9f44379cae34cbd0150c83ab39dfb618cfe8f663a,1773467663,0x6b9784a7a213b2b6f37964e0a14d4b5705c3bd23c60d25a342f45f96fe9a80d1,158,73,0x12912d831c9fd3ac917c30f3f033c4f0ab26fe9f,0xde0b295669a9fd93d5f28d9ec85e40f4cb697bae,1e-18,21000,32602752,0x,0x,,,5288496,0,21000,318371,1
24653584,0x95a79b0b647b7a6de56ba5edf48bc71f511fd5fc6670f6a544cec2410063e293,1773465551,0x967c04cc163cc18cdf5fcf728ef6e810b4e51c9a4b2a75facfcf7005378b859c,135,146,0x12912d831c9fd3ac917c30f3f033c4f0ab26fe9f,0xde0b295669a9fd93d5f28d9ec85e40f4cb697bae,1e-18,21000,30797878,0x,0x,,,10258870,0,21000,318547,1
24653397,0xad33d44eae8cdf469bd131457a0b083229d26a925697b7c181359cb501b7ea0f,1773463295,0x2562c9acc6e6dd2a37d066398f71fe18dbfcf71939bff40cb3980d614b754713,116,137,0x12912d831c9fd3ac917c30f3f033c4f0ab26fe9f,0xde0b295669a9fd93d5f28d9ec85e40f4cb697bae,1e-18,21000,30142921,0x,0x,,,22570914,0,21000,318734,1
24653207,0x547c7e95246f515aa8b46f8b04036a8f6b3f7136f2fa76562202b93231fa86cc,1773461015,0x114c0fb497a1c7963f1fd105da655109c5a67a51e74d53301381fef744e2c887,93,170,0x12912d831c9fd3ac917c30f3f033c4f0ab26fe9f,0xde0b295669a9fd93d5f28d9ec85e40f4cb697bae,1e-18,21000,30440616,0x,0x,,,12897313,0,21000,318924,1
24652477,0xb64fa7799dadd72b3d273a964778038aa8ad51ffaec5a0820a17c11932c8fd74,1773452231,0xc4845092f46d10cd3eb35dd1e8fec768eef68e3cb68f1c3395e66ae0abaa7c37,24,139,0x12912d831c9fd3ac917c30f3f033c4f0ab26fe9f,0xde0b295669a9fd93d5f28d9ec85e40f4cb697bae,1e-18,21000,32761965,0x,0x,,,10398386,0,21000,319654,1
24652332,0xb74581bc7d141da6a39eaff2dfcc90891b09a854bba350c63254efb499ef8e33,1773450491,0x9a4921117f61fc4732b3b97ae0a7435bf391d68ba4a22248dc688038ce9a2652,4,131,0x12912d831c9fd3ac917c30f3f033c4f0ab26fe9f,0xde0b295669a9fd93d5f28d9ec85e40f4cb697bae,1e-18,21000,29977076,0x,0x,,,53906169,0,21000,319799,1
24635869,0x826195678858341c437704f7369336172515014f2a3e4517546c499da0a84e49,1773251951,0x38ba9bbc33eff8d02b2bccaa2c56ed3bf141ee5727c45bce707dcc1809787138,315,412,0xfb0e46ce306b60d700206f749b122ba17f1d9d7f,0xde0b295669a9fd93d5f28d9ec85e40f4cb697bae,0.0,200000,126071177,0xcbf0b0c0000000000000000000000000fb0e46ce306b60d700206f749b122ba17f1d9d7f,0xcbf0b0c0,kill(address _to),,27388752,1,24308,336262,0
24600586,0x6be8e41377d4a313530e9f198200420d56f20fa3799a21ac73b8b0d1cb72a90d,1772826275,0x17f950164caa2420ab32d57c7a2ebf2b2f8981318e80f3f048e3cb5a5e331450,30,189,0x53504210fd7bbf2506cb3ade7dadb600d77e82b3,0xde0b295669a9fd93d5f28d9ec85e40f4cb697bae,0.0,32384,55733362,0x4f41c5b500000000000000000000000053504210fd7bbf2506cb3ade7dadb600d77e82b3,0x4f41c5b5,,,25392324,1,22050,371545,0
24593658,0xb158680a74a051cda9d717cf0d0764fff4169b6a0518b83024f6f587469fa037,1772742455,0x5faf5650efd92d97f4485964f6958e057ab84d61bd87485a1d68a40ae993a4db,5,542,0x53504210fd7bbf2506cb3ade7dadb600d77e82b3,0xde0b295669a9fd93d5f28d9ec85e40f4cb697bae,0.0,31240,72304429,0x,0x,,,41861618,1,21074,378473,0
24593647,0xc0e54b80a04dce9f7a6ad70cb59cef77ce6c986bbf8c884cb9038a66736d5454,1772742323,0x09ad027e113a9ac6669e5541646ca618388b6504066464f87dd1388885bff1c2,4,489,0x53504210fd7bbf2506cb3ade7dadb600d77e82b3,0xde0b295669a9fd93d5f28d9ec85e40f4cb697bae,0.0,31663,79575428,0xff,0xff,,,56381361,1,21497,378484,0
24568289,0x673cba4e0933ea6910a876b3bb8a30fa7d72b2894e50b639705a5c58269361b9,1772436755,0x1aeebe6e6c8483a4a106260cac3bc0f3d0bd85b9ff9d6b02b86491702c3efb81,23,39,0x6b834a2f2a24ae7e592aa0843aa2bdf58157bee7,0xde0b295669a9fd93d5f28d9ec85e40f4cb697bae,0.0,30603,154779828,0x7065cb480000000000000000000000006fb9e80ddd0f5dc99d7cb38b07e8b298a57bf253,0x7065cb48,addOwner(address _owner),,2225885,1,24144,403842,0
24567469,0xd09ae3de7cb08995ce9f507cb075c996c5877de2c574e1f4d581663d3f61e995,1772426855,0xf3c798cb53140415a093ba38f6f61beb87a83ba0c0050841afc0825edb76f415,22,96,0x6b834a2f2a24ae7e592aa0843aa2bdf58157bee7,0xde0b295669a9fd93d5f28d9ec85e40f4cb697bae,0.0,30313,136842526,0x2f54bf6e0000000000000000000000006b834a2f2a24ae7e592aa0843aa2bdf58157bee7,0x2f54bf6e,isOwner(address _addr),,31981050,1,23913,404662,0
24511117,0x7cd1653b1514d57c2f2f1a69d924488d25802ea57254d756f38f772854d7b863,1771747739,0x5b7e5496758b96225fa552abc2010ee4b7a39dc7f32893d83f535d4e7864ca75,24,61,0xe4d016a59d26c0448afb6518e26004d284249fb8,0xde0b295669a9fd93d5f28d9ec85e40f4cb697bae,0.000138016253136165,34228,2041305143,0x,0x,,,11338350,1,22484,461014,0
24488785,0xcb6a0ac07a08d9c0f71550bf5cb39d59d8c86f1f834ff6a6f0cf927e1cdf914d,1771478735,0x302ecc73892e1395e044a0947401fd7b3d923afd4d4937c76ab09d97dac38b21,229,239,0xa7c0b5c271b35ae5223e6f33a655e02bf67a0546,0xde0b295669a9fd93d5f28d9ec85e40f4cb697bae,0.0,28008,34600810,0x9e5faafc,0x9e5faafc,attack(),,25456080,1,21545,483346,0
24488763,0x787a8b8d53afad72a69f5c7e8df51cf429e932dfc70b15ae494278440b397127,1771478471,0xd268df94a97d053d52fd2d308c9155718cf2ed95a5e94684320dcb24305f81ac,228,307,0xa7c0b5c271b35ae5223e6f33a655e02bf67a0546,0xde0b295669a9fd93d5f28d9ec85e40f4cb697bae,0.0,28008,31964985,0x9e5faafc,0x9e5faafc,attack(),,26143398,1,21545,483368,0
24478984,0xe94a55f1f944f771534c1de7fccdec9403b692a08b52634c1fbc1b666f5e9207,1771360631,0x925c9e3bb9a0f74c18a2c597c192aa5e345b15b31e231781d0241f4ec2ce60fb,832,77,0x2e0ece61d3f2353a851b268f34dca0bc3904df2a,0xde0b295669a9fd93d5f28d9ec85e40f4cb697bae,0.0,30926,140029714,0xb63e800d0000000000000000000000000000000000000000000000000000000000000100000000000000000000000000000000000000000000000000000000000000000100000000000000000000000000000000000000000000000000000000000000000000000000000000000000000000000000000000000000000000000000000140000000000000000000000000000000000000000000000000000000000000000000000000000000000000000000000000000000000000000000000000000000000000000000000000000000000000000000000000000000000000000000000000000000000000000000000000000000000000000000000000000000000000000000000000000000000000000000000000000000000000000000000000000000010000000000000000000000002e0ece61d3f2353a851b268f34dca0bc3904df2a0000000000000000000000000000000000000000000000000000000000000000,0xb63e800d,"setup(address[] _owners, uint256 _threshold, address to, bytes data, address fallbackHandler, address paymentToken, uint256 payment, address paymentReceiver)",,7341268,1,25430,493147,0
24445694,0x0bc640b16e17e6f93fa993090dc733cef7e18e480836570cbeaf0ceb01191099,1770959543,0x0e34dfed8392309af4800cbe9d0d25c3662629e7022e9f1dbd2151a7fdb7b261,93,293,0xeacc91dcbff5cc85b47823ff989a2faf2fee77cf,0xde0b295669a9fd93d5f28d9ec85e40f4cb697bae,0.0,27852,49436024,0xb61d27f6000000000000000000000000eacc91dcbff5cc85b47823ff989a2faf2fee77cfdd15fe86affad91249ef0eb713f39ebeaa987b6e6fd2a0000000000000000000000000000000000000000000000000000000000000000000000000000000006000000000000000000000000000000000000000000000000000000000000000030000000000000000000000000000000000000000000000000000000000000000,0xb61d27f6,"execute(address _to, uint256 _value, bytes _data)",,18176573,1,24980,526437,0
24445688,0xac3e46bdda3b93bca9ebbaa6d76804488f9674e712337243d762ff5a00dd0258,1770959471,0x8c0f1f18159105071dcbdaeef91710c4e99add06726996a987a1dcc048f1111a,92,309,0xeacc91dcbff5cc85b47823ff989a2faf2fee77cf,0xde0b295669a9fd93d5f28d9ec85e40f4cb697bae,0.0,27852,52386817,0xb61d27f6000000000000000000000000eacc91dcbff5cc85b47823ff989a2faf2fee77cf161bcca7119915b50764b4abe86529797775a5f1719510000000000000000000000000000000000000000000000000000000000000000000000000000000006000000000000000000000000000000000000000000000000000000000000000030000000000000000000000000000000000000000000000000000000000000000,0xb61d27f6,"execute(address _to, uint256 _value, bytes _data)",,28188627,1,24980,526443,0
24430339,0x65d0acf200e10e1020113b117ca7dabb47de74e38d34d77e198054259578a603,1770774455,0x2ae084aeb04d87b64cbe0e69f7f09a21de42167720043d7a4da7af016dd8d169,83,317,0xeacc91dcbff5cc85b47823ff989a2faf2fee77cf,0xde0b295669a9fd93d5f28d9ec85e40f4cb697bae,0.0,27500,44757718,0xb61d27f6000000000000000000000000eacc91dcbff5cc85b47823ff989a2faf2fee77cf0000000000000000000000000000000000000000000002480f492ce6ca98000000000000000000000000000000000000000000000000000000000000000000600000000000000000000000000000000000000000000000000000000000000000,0xb61d27f6,"execute(address _to, uint256 _value, bytes _data)",,32214362,1,24660,541792,0
24429178,0x2c49c3e8df3adb90f9f2ecfbdd013746a0d700dcb3ce5c2fb8ccface71b9abef,1770760391,0xbef19ebd4ddaf301e747c6bb0de472ae0305c952bbdffb6e20b04366691acc99,241,668,0x2cbbbac18d81ce0d35556e285f3ef36dfae8255b,0xde0b295669a9fd93d5f28d9ec85e40f4cb697bae,0.0,36013,95889882,0xf1736d86,0xf1736d86,m_dailyLimit(),,39916017,1,23671,542953,0
24429177,0x83b1f7dd7dac9bc0c9f33276ba8641060788b869fd117d37b39be8e357829881,1770760379,0x6d51702e9aff0cd234d32bbc54cabc2be6e60b116afaec6f9263a56c07496fd3,240,465,0x2cbbbac18d81ce0d35556e285f3ef36dfae8255b,0xde0b295669a9fd93d5f28d9ec85e40f4cb697bae,0.0,37611,96605350,0xf00d4b5d0000000000000000000000002cbbbac18d81ce0d35556e285f3ef36dfae8255b0000000000000000000000002cbbbac18d81ce0d35556e285f3ef36dfae8255b,0xf00d4b5d,"changeOwner(address _from, address _to)",,27373670,1,24734,542954,0
24429176,0x70b6ae926704686fbfb87d72c8fa49e8fa0a4147d3bb745c7adeab64da4d4366,1770760367,0x7c11b31a516263186edb97351c97566cb745df43444be7e194e378a70a644281,239,727,0x2cbbbac18d81ce0d35556e285f3ef36dfae8255b,0xde0b295669a9fd93d5f28d9ec85e40f4cb697bae,0.0,36988,92091673,0xcbf0b0c00000000000000000000000002cbbbac18d81ce0d35556e285f3ef36dfae8255b,0xcbf0b0c0,kill(address _to),,41077775,1,24320,542955,0
24429174,0xba5196f62c23797c63d162c6138f98ae4af708b80f6f079277a1ab7ef87dc292,1770760343,0x4fe296871597d4a804999b3ce3567a94d5dd97f33ae0fb6eb1191513d7f23b3c,238,377,0x2cbbbac18d81ce0d35556e285f3ef36dfae8255b,0xde0b295669a9fd93d5f28d9ec85e40f4cb697bae,0.0,37081,101514293,0xc2cf732600000000000000000000000000000000000000000000000000000000000000000000000000000000000000002cbbbac18d81ce0d35556e285f3ef36dfae8255b,0xc2cf7326,"hasConfirmed(bytes32 _operation, address _owner)",,29689898,1,24382,542957,0
24429173,0x8b597673678f68f1342eeb1f0ad0a62f5367a884e8264706887d4f2205428bea,1770760331,0xc8fe027c08faac08606e0b235d93ccc4c595ab28813278069285f0910ce3519e,237,798,0x2cbbbac18d81ce0d35556e285f3ef36dfae8255b,0xde0b295669a9fd93d5f28d9ec85e40f4cb697bae,0.0,36742,91722886,0xba51a6df000000000000000000000000000000000000000000000248154b400db108b7b8,0xba51a6df,changeRequirement(uint256 _newRequired),,54728562,1,24156,542958,0
24429171,0x1cd554abb4b61ffdb01b4fd4b1036675c2a794e89f09a3ea9b7286450762d271,1770760307,0x240a0253ac268ed2c1cf9fa3f22dcd19554e6e4473690bd8f9c0b9a72e14c36b,236,477,0x2cbbbac18d81ce0d35556e285f3ef36dfae8255b,0xde0b295669a9fd93d5f28d9ec85e40f4cb697bae,0.0,36268,105117878,0xb75c7dc60000000000000000000000000000000000000000000000000000000000000000,0xb75c7dc6,revoke(bytes32 _operation),,21190883,1,23841,542960,0
24429170,0x9dedfa35eb1d000d3cc32b5b0c6e45230c1befef8c79684510f5a4592801c3a4,1770760295,0xa88275d514e14969d2c89b2732478f67bf1a22a4f5f9d90d8ba1462005ce707d,235,1165,0x2cbbbac18d81ce0d35556e285f3ef36dfae8255b,0xde0b295669a9fd93d5f28d9ec85e40f4cb697bae,0.0,36642,94606468,0xb20d30a9000000000000000000000000000000000000000000000248154b400db108b7b8,0xb20d30a9,setDailyLimit(uint256 _newLimit),,55448460,1,24090,542961,0
24429167,0x6f602762db4c797afa01551653e5facb22fa4aa37f4f25c823efc5eb11b8c72d,1770760259,0xd6cf90a40fa50a6cb809dc4729ea3428eca2c1c233797e738c326adc1f19701a,234,221,0x2cbbbac18d81ce0d35556e285f3ef36dfae8255b,0xde0b295669a9fd93d5f28d9ec85e40f4cb697bae,0.0,36337,106726530,0x797af6270000000000000000000000000000000000000000000000000000000000000000,0x797af627,confirm(bytes32 _h),,21927585,1,23887,542964,0
24429166,0x867c54e9633a23a8ae4c5352848b061775465b616e9b3ec5d7f0ceb041abe91a,1770760247,0xa2d6766ae6ffdd0f518dd1337f85d40ed9dfb7a1453719300040dc0772ffcf0d,233,480,0x2cbbbac18d81ce0d35556e285f3ef36dfae8255b,0xde0b295669a9fd93d5f28d9ec85e40f4cb697bae,0.0,35715,107616399,0x746c9171,0x746c9171,m_required(),,27119532,1,23473,542965,0
24429165,0x548a2a04b8cd840d8a5e417828fcc0465927e2e74afae92c5dcdf969f6a9e86f,1770760235,0xfa2e298235634d79bcb80b3cfa8556f840c8c31ad8523727f1cbdc1fcd17c04f,232,1165,0x2cbbbac18d81ce0d35556e285f3ef36dfae8255b,0xde0b295669a9fd93d5f28d9ec85e40f4cb697bae,0.0,36724,99250252,0x7065cb480000000000000000000000002cbbbac18d81ce0d35556e285f3ef36dfae8255b,0x7065cb48,addOwner(address _owner),,49986715,1,24144,542966,0
24429164,0x2ae3892e8e2a2afe011a08f121e30ad32696cab3f06920c34cfe58c79b74dc9e,1770760223,0x8d386b9d418c238aceca7f932302ca176d0eb98fe7a88aa3c40bc737bcd95389,231,209,0x2cbbbac18d81ce0d35556e285f3ef36dfae8255b,0xde0b295669a9fd93d5f28d9ec85e40f4cb697bae,0.0,36106,105517595,0x5c52c2f5,0x5c52c2f5,resetSpentToday(),,15101720,1,23733,542967,0
24429163,0x73f2676d59a0a608ee728202e2e51b8ca815cbcc41c5f01cce89e7dc23648bb0,1770760211,0x1d54a21bb31ba0b6a49940bda7d86589d83a55a90e2724bab288b011f28e0f81,230,267,0x2cbbbac18d81ce0d35556e285f3ef36dfae8255b,0xde0b295669a9fd93d5f28d9ec85e40f4cb697bae,0.0,35616,107611622,0x4123cb6b,0x4123cb6b,m_numOwners(),,25047352,1,23407,542968,0
24429162,0x123d9ee967797f6a48c302d59e170b181e78f158a6cbc8e4420869ddfd4650d7,1770760199,0x3f62158d968fec8b73d0a0439c36cff4a1c80af284389c1cf7857802f5ff36cb,229,302,0x2cbbbac18d81ce0d35556e285f3ef36dfae8255b,0xde0b295669a9fd93d5f28d9ec85e40f4cb697bae,0.0,36376,104252637,0x2f54bf6e0000000000000000000000002cbbbac18d81ce0d35556e285f3ef36dfae8255b,0x2f54bf6e,isOwner(address _addr),,36851291,1,23913,542969,0
24429161,0xff1c4ddfd1c16fb334d288cf4e32121e3132d8cce423c88317cb0dc3044d5dc7,1770760187,0x02db879cafae9244af7b568b4be05ec01d43d1b618cfb6046cc283be9b01eded,228,491,0x2cbbbac18d81ce0d35556e285f3ef36dfae8255b,0xde0b295669a9fd93d5f28d9ec85e40f4cb697bae,0.0,36580,102393348,0x173825d90000000000000000000000002cbbbac18d81ce0d35556e285f3ef36dfae8255b,0x173825d9,removeOwner(address _owner),,34146415,1,24049,542970,0
24429160,0xd5eac817363472496493f82bcf104f7720317b09983093ded2e4352e7460da49,1770760175,0xe34701f04089b3d0fb675ecf703e07caec6432abdc6374b64f79d3dbdf47df5e,227,318,0x2cbbbac18d81ce0d35556e285f3ef36dfae8255b,0xde0b295669a9fd93d5f28d9ec85e40f4cb697bae,0.0,37932,106405070,0xb61d27f60000000000000000000000002cbbbac18d81ce0d35556e285f3ef36dfae8255bffffffffffffffffffffffffffffffffffffffffffffffffffffffffffffffff00000000000000000000000000000000000000000000000000000000000000600000000000000000000000000000000000000000000000000000000000000000,0xb61d27f6,"execute(address _to, uint256 _value, bytes _data)",,20299052,1,24948,542971,0
24429159,0x365fcee9ff3efa366c33939a30911e7f23606c2498c60d4d38325da36d4f9419,1770760163,0x870214265f6417187147b2f1e0539537a2b4d24a8443718bfa2779d326fcd3a1,226,621,0x2cbbbac18d81ce0d35556e285f3ef36dfae8255b,0xde0b295669a9fd93d5f28d9ec85e40f4cb697bae,0.0,37536,97184083,0xb61d27f60000000000000000000000002cbbbac18d81ce0d35556e285f3ef36dfae8255b000000000000000000000000000000000000000000000248154b400db108b7b800000000000000000000000000000000000000000000000000000000000000600000000000000000000000000000000000000000000000000000000000000000,0xb61d27f6,"execute(address _to, uint256 _value, bytes _data)",,36399613,1,24684,542972,0
24426770,0x16a6d3b6ba18c5a415177f7d437d8283b4c189e3d84dce8e6ef502af476941dc,1770731279,0x64080586b6049d01ab69ff0cd18c9bf97dda38eab36c5756bf18e78f5edeaa56,82,868,0xeacc91dcbff5cc85b47823ff989a2faf2fee77cf,0xde0b295669a9fd93d5f28d9ec85e40f4cb697bae,0.0,27654,89291785,0xb61d27f6000000000000000000000000861dfae75fa2771dc95c5b9b0186d5a59b0d842600000000000000000000000000000000000000000000021e19e0c9bab2400000000000000000000000000000000000000000000000000000000000000000006000000000000000000000000000000000000000000000000000000000000000030000000000000000000000000000000000000000000000000000000000000000,0xb61d27f6,"execute(address _to, uint256 _value, bytes _data)",,50227116,1,24800,545361,0
24426753,0x4ada13d0910f4fb23479c33886a71d25edbc05a7474b96d1559776c8e8bb02b5,1770731075,0x8cd584c6ff039ffca3cb0ad7a196c17f6e7a095e264c2bea32f45e1557844ea5,81,402,0xeacc91dcbff5cc85b47823ff989a2faf2fee77cf,0xde0b295669a9fd93d5f28d9ec85e40f4cb697bae,0.0,26931,94508396,0x7065cb48000000000000000000000000861dfae75fa2771dc95c5b9b0186d5a59b0d8426,0x7065cb48,addOwner(address _owner),,24643989,1,24144,545378,0
24426713,0x4d9b4b181027a6873efffd47644e570116f5632cf730b56df900e2a1bdd107fe,1770730595,0x408c7ead96415513c7aebb719d6aa8996ae380bfdf0e01d52aef1321aae712cf,80,498,0xeacc91dcbff5cc85b47823ff989a2faf2fee77cf,0xde0b295669a9fd93d5f28d9ec85e40f4cb697bae,0.0,27614,99372967,0xb61d27f6000000000000000000000000eacc91dcbff5cc85b47823ff989a2faf2fee77cf000000000000000000000000000000000000000000000000000009184e72a000000000000000000000000000000000000000000000000000000000000000006000000000000000000000000000000000000000000000000000000000000000030000000000000000000000000000000000000000000000000000000000000000,0xb61d27f6,"execute(address _to, uint256 _value, bytes _data)",,25783669,1,24764,545418,0
24426710,0x763ef74b4d86d0a080a04faa948c1eb00204d592729a35bc9ad36fe0adbf741e,1770730559,0x2ab02b79e777b66c37f34b4ae9f329d1ec064350282a684da17b309c98cb46ed,79,645,0xeacc91dcbff5cc85b47823ff989a2faf2fee77cf,0xde0b295669a9fd93d5f28d9ec85e40f4cb697bae,0.0,27614,105042448,0xb61d27f6000000000000000000000000eacc91dcbff5cc85b47823ff989a2faf2fee77cf00000000000000000000000000000000000000000000000000005af3107a4000000000000000000000000000000000000000000000000000000000000000006000000000000000000000000000000000000000000000000000000000000000030000000000000000000000000000000000000000000000000000000000000000,0xb61d27f6,"execute(address _to, uint256 _value, bytes _data)",,32940749,1,24764,545421,0
24426701,0x16942731b8df57a11a7f58e182ce9e6cc5cca137e49dfcd05f066887405886b4,1770730451,0xad07f4f52f61a59098e48889b1f2a341b5a15033ff18594a303c846286811861,78,502,0xeacc91dcbff5cc85b47823ff989a2faf2fee77cf,0xde0b295669a9fd93d5f28d9ec85e40f4cb697bae,0.0,27640,92834489,0xb61d27f6000000000000000000000000eacc91dcbff5cc85b47823ff989a2faf2fee77cf00000000000000000000000000000000000000000000d3c21bcecceda1000000000000000000000000000000000000000000000000000000000000000000006000000000000000000000000000000000000000000000000000000000000000030000000000000000000000000000000000000000000000000000000000000000,0xb61d27f6,"execute(address _to, uint256 _value, bytes _data)",,44939096,1,24788,545430,0
24426692,0x9f0b28027599e43da2c2961e136710d1782d19f9981c29b07e7ca544d3f24633,1770730343,0xd30dd2e46eb8659e2ca1a6320ab194977aa1bda1824ef39c6f428481bf3c4d6f,77,398,0xeacc91dcbff5cc85b47823ff989a2faf2fee77cf,0xde0b295669a9fd93d5f28d9ec85e40f4cb697bae,0.0,27654,106899518,0xb61d27f6000000000000000000000000eacc91dcbff5cc85b47823ff989a2faf2fee77cf000000000000000000000000000000000000000000084595161401484a000000000000000000000000000000000000000000000000000000000000000000006000000000000000000000000000000000000000000000000000000000000000030000000000000000000000000000000000000000000000000000000000000000,0xb61d27f6,"execute(address _to, uint256 _value, bytes _data)",,25917563,1,24800,545439,0
24426690,0xd6c0b33ee183f83ac452c222805829ecad1116a86ab4a7948471d5d4a2908c24,1770730319,0xed0db10603eebfab091551d32f3c0ac3a916cf8ba7b74f9d9b03f1345033babb,76,552,0xeacc91dcbff5cc85b47823ff989a2faf2fee77cf,0xde0b295669a9fd93d5f28d9ec85e40f4cb697bae,0.0,27654,105648163,0xb61d27f6000000000000000000000000eacc91dcbff5cc85b47823ff989a2faf2fee77cf00000000000000000000000000000000000000000052b7d2dcc80cd2e4000000000000000000000000000000000000000000000000000000000000000000006000000000000000000000000000000000000000000000000000000000000000030000000000000000000000000000000000000000000000000000000000000000,0xb61d27f6,"execute(address _to, uint256 _value, bytes _data)",,32119548,1,24800,545441,0
24426687,0xaa0e70796f90e455c84e89f4fbfc70ee6d61c24b95b0bb5fae1441734bcc7d08,1770730283,0x76c45cb1ee733e2a0e181cbc98fef1716cd63f446e225ec97a6cf5e5235c1d57,75,415,0xeacc91dcbff5cc85b47823ff989a2faf2fee77cf,0xde0b295669a9fd93d5f28d9ec85e40f4cb697bae,0.0,27654,107042724,0xb61d27f6000000000000000000000000eacc91dcbff5cc85b47823ff989a2faf2fee77cf000000000000000000000000000000000000000000084595161401484a000000000000000000000000000000000000000000000000000000000000000000006000000000000000000000000000000000000000000000000000000000000000030000000000000000000000000000000000000000000000000000000000000000,0xb61d27f6,"execute(address _to, uint256 _value, bytes _data)",,36342334,1,24800,545444,0
24426674,0xecad2e58d3ac6989aeb5f44e2019e9fbc42552889f5a3ed2c8728a6042ebbf65,1770730127,0x6a3204cb279d0e49f2cb317a9c4266583c1a833158db20d0ff5dd17b6fd3f67a,74,859,0xeacc91dcbff5cc85b47823ff989a2faf2fee77cf,0xde0b295669a9fd93d5f28d9ec85e40f4cb697bae,0.0,27473,78719836,0xb61d27f6000000000000000000000000eacc91dcbff5cc85b47823ff989a2faf2fee77cf0000000000000000000000000000000000000000000000000de0b6b3a764000000000000000000000000000000000000000000000000000000000000000000600000000000000000000000000000000000000000000000000000000000000000,0xb61d27f6,"execute(address _to, uint256 _value, bytes _data)",,48727843,1,24636,545457,0
24426668,0xd382981c8af4e96dff13f8854b16bff09247b4b8d96681ec282393f529e22633,1770730055,0xfcc29e5a23d5475110bebd5f52cd203990b44639ceb9c26a4e45d5c0ad44468a,73,117,0xeacc91dcbff5cc85b47823ff989a2faf2fee77cf,0xde0b295669a9fd93d5f28d9ec85e40f4cb697bae,0.0,26931,2095137297,0x7065cb48000000000000000000000000eacc91dcbff5cc85b47823ff989a2faf2fee77cf,0x7065cb48,addOwner(address _owner),,18161351,1,24144,545463,0
24426640,0x2b2144be58c19e22f2730ca104478a701e5d9531d72e627370623e85b2df6198,1770729719,0x3930d7e931b8bbcd3eaf43c7ede4dd232dc3533bcbdfa35aba3fab5627675ae6,72,294,0xeacc91dcbff5cc85b47823ff989a2faf2fee77cf,0xde0b295669a9fd93d5f28d9ec85e40f4cb697bae,0.0,27667,2122831281,0xb61d27f6000000000000000000000000eacc91dcbff5cc85b47823ff989a2faf2fee77cf0000000000000000000000000000000000000000204fce5e3e25026110000000000000000000000000000000000000000000000000000000000000000000006000000000000000000000000000000000000000000000000000000000000000030000000000000000000000000000000000000000000000000000000000000000,0xb61d27f6,"execute(address _to, uint256 _value, bytes _data)",,29275765,1,24812,545491,0
24426637,0x954aab79c3bacd2325c13518e5cb314035b8ecc50bcfda1dc756d56597798066,1770729683,0x3f9d5a15ec65b2d988996e4d0c90c5f32c1cdea2964276821426b72e770a9317,71,320,0xeacc91dcbff5cc85b47823ff989a2faf2fee77cf,0xde0b295669a9fd93d5f28d9ec85e40f4cb697bae,0.0,27667,136236504,0xb61d27f6000000000000000000000000eacc91dcbff5cc85b47823ff989a2faf2fee77cf0000000000000000000000000000000000000000204fce5e3e25026110000000000000000000000000000000000000000000000000000000000000000000006000000000000000000000000000000000000000000000000000000000000000030000000000000000000000000000000000000000000000000000000000000000,0xb61d27f6,"execute(address _to, uint256 _value, bytes _data)",,23469817,1,24812,545494,0
24424991,0x25c0a8c957e73cf1a0f7aac48a0d44401397afba979cf62f2c37d3e16af8810b,1770709823,0x4d9ac4896a26ea840a4dd13635a9f2da4f90239b9e7d8a43a76649f7f5bc3556,70,200,0xeacc91dcbff5cc85b47823ff989a2faf2fee77cf,0xde0b295669a9fd93d5f28d9ec85e40f4cb697bae,0.0,27654,2086557809,0xb61d27f6000000000000000000000000eacc91dcbff5cc85b47823ff989a2faf2fee77cf00000000000000000000000000000000000000000052b7d2dcc80cd2e4000000000000000000000000000000000000000000000000000000000000000000006000000000000000000000000000000000000000000000000000000000000000030000000000000000000000000000000000000000000000000000000000000000,0xb61d27f6,"execute(address _to, uint256 _value, bytes _data)",,12227054,1,24800,547140,0
24418841,0x2dbb69548d7368244fb4539a35917838343356e411c30960daa040719dd808c1,1770635711,0x70fac0b9cf243cd17d78ec2c476f94f2417fc5ef88777586843466f719ee7313,78,579,0x2a98741765b58e4de3873b8783e750a2a4d40760,0xde0b295669a9fd93d5f28d9ec85e40f4cb697bae,0.0,21711,88854092,0x853828b6,0x853828b6,withdrawAll(),,55342875,1,21545,553290,0
24418826,0xb709eef6e3714ba37998f3b04cdc58d9affea887a9cfdced23a18e28982c44b3,1770635531,0x321617c8857a1e5d6493d817150adeade1952dca8cddb1942c4022eef6a0bb2a,77,295,0x2a98741765b58e4de3873b8783e750a2a4d40760,0xde0b295669a9fd93d5f28d9ec85e40f4cb697bae,0.0,21711,90212340,0x60536172,0x60536172,takeOwnership(),,29264456,1,21545,553305,0
24418763,0xb62c11ded6f482888d5fa8ae2f82fb5db7d49b61ae177a27de023687ea833257,1770634763,0x0da1cce1f3fdbb291eeeb153ffa6f676c187d341ec5dcc3fe98d7cdf790c22b5,76,77,0x2a98741765b58e4de3873b8783e750a2a4d40760,0xde0b295669a9fd93d5f28d9ec85e40f4cb697bae,0.0,24988,115285317,0xb61d27f60000000000000000000000002a98741765b58e4de3873b8783e750a2a4d4076000000000000000000000000000000000000000000000003635c9adc5dea0000000000000000000000000000000000000000000000000000000000000000000600000000000000000000000000000000000000000000000000000000000000000,0xb61d27f6,"execute(address _to, uint256 _value, bytes _data)",,9712616,1,24648,553368,0
24418760,0x896df456adb7aa1545423ce218a7f64766b2dcd2f44751a9ddfd2849c5580f2b,1770634727,0x7cab302f2dd1fb82cd9a6a66b2cbe73ed467453e13c6e7f0ef63bb390394eae2,75,149,0x2a98741765b58e4de3873b8783e750a2a4d40760,0xde0b295669a9fd93d5f28d9ec85e40f4cb697bae,0.0,23998,116197737,0xe46dcfeb0000000000000000000000000000000000000000000000000000000000000060000000000000000000000000000000000000000000000000000000000000000100000000000000000000000000000000000000000000003635c9adc5dea0000000000000000000000000000000000000000000000000000000000000000000010000000000000000000000002a98741765b58e4de3873b8783e750a2a4d40760,0xe46dcfeb,"initWallet(address[] _owners, uint256 _required, uint256 _daylimit)",,16163469,1,23660,553371,0
24418740,0x38b55d5bb849d85d1f8cc53fc375a349519fbdd250a20ad492ac59daf284d872,1770634487,0x500e37888d00fe458cd01bfa99becc598db4029ed8a1cad9620515cbcf187952,74,370,0x2a98741765b58e4de3873b8783e750a2a4d40760,0xde0b295669a9fd93d5f28d9ec85e40f4cb697bae,0.0,24976,108314976,0xb61d27f60000000000000000000000002a98741765b58e4de3873b8783e750a2a4d40760000000000000000000000000000000000000000000000000016345785d8a000000000000000000000000000000000000000000000000000000000000000000600000000000000000000000000000000000000000000000000000000000000000,0xb61d27f6,"execute(address _to, uint256 _value, bytes _data)",,37584053,1,24636,553391,0
24418720,0xfd7675b2d1f98eea703e4bb22bbd0fc8c010502bee1c8376114108312d893b6e,1770634235,0x84dbc58e1bde8f124d90a0509e79cc8aecb58edc156d5129cfd0e0d2e8b68b54,73,458,0x2a98741765b58e4de3873b8783e750a2a4d40760,0xde0b295669a9fd93d5f28d9ec85e40f4cb697bae,0.0,24988,142457598,0xb61d27f60000000000000000000000002a98741765b58e4de3873b8783e750a2a4d407600000000000000000000000000000000000000000000000056bc75e2d6310000000000000000000000000000000000000000000000000000000000000000000600000000000000000000000000000000000000000000000000000000000000000,0xb61d27f6,"execute(address _to, uint256 _value, bytes _data)",,37793634,1,24648,553411,0
24405467,0xf8a3813d9b15d54dcf76e3ee4ead45c9c7b275b7da3da55174cd1a98d901b98c,1770473603,0x8b2338ff0f524c7d87a4343d9d18a6978d922576c2871be50ad15584f59c497b,175,541,0xa7c0b5c271b35ae5223e6f33a655e02bf67a0546,0xde0b295669a9fd93d5f28d9ec85e40f4cb697bae,0.0,33621,140906578,0x6ff1c9bc000000000000000000000000a7c0b5c271b35ae5223e6f33a655e02bf67a0546,0x6ff1c9bc,emergencyWithdraw(address _pair),,36608407,1,22080,566664,0
24310223,0xa2ced16513f5193855500663db31ab719345c2d8be37aa29b185e294df23ea5b,1769324807,0x371673bb55ca40cbd7dcc0ba850e0a589cb592e4558cb95b21b674c75f7b1248,15,62,0x6b834a2f2a24ae7e592aa0843aa2bdf58157bee7,0xde0b295669a9fd93d5f28d9ec85e40f4cb697bae,0.0,29102,121606496,0x2f54bf6e0000000000000000000000006b834a2f2a24ae7e592aa0843aa2bdf58157bee7,0x2f54bf6e,isOwner(address _addr),,6006737,1,23913,661908,0
24310208,0x4e6f84eab76f40bc1fb3d3afdf1882de193601889fe2100ba6d4248c5f019f32,1769324627,0x8a281af6d1ebb685fdd2ffb9da79e84185e46505b759d6a40c81e9ded7ad4af6,14,66,0x6b834a2f2a24ae7e592aa0843aa2bdf58157bee7,0xde0b295669a9fd93d5f28d9ec85e40f4cb697bae,0.0,29102,119598664,0x2f54bf6e0000000000000000000000006b834a2f2a24ae7e592aa0843aa2bdf58157bee7,0x2f54bf6e,isOwner(address _addr),,6951238,1,23913,661923,0
24280641,0x4fc8c4cb398524f3d135933487755f7fa4b990ab5869304625b77d7a6b057cee,1768968131,0xabfe6173fefb26aef7e62e5b9fd7bbf847ec46d722067749662bd80fb6ca4529,6,91,0xf20103c3f85a42236f875101c610760524bc1aea,0xde0b295669a9fd93d5f28d9ec85e40f4cb697bae,0.00115383098124873,27382,69994379,0x,0x,,,16835836,1,22484,691490,0
24274558,0xea406ae72a1d4db8e1eae1bc800164bb48c5425e79da74ff4725439ec41bb591,1768894835,0x4c78c106f1dfad963a40a00fe650d0437d73c0d4595733c931909b32e3c144a8,95,140,0xa7c0b5c271b35ae5223e6f33a655e02bf67a0546,0xde0b295669a9fd93d5f28d9ec85e40f4cb697bae,0.0,34373,74519051,0x095ea7b3000000000000000000000000a7c0b5c271b35ae5223e6f33a655e02bf67a05460000000000000000000000000000000000000000000000000de0b6b3a7640000,0x095ea7b3,"approve(address _spender, uint256 _value)",,14249170,1,22580,697573,0
24190869,0x5c850b4b4867c89cec7ecc614c3e9c692a2fcfa9dc27b439225e1a083b55c32d,1767886355,0xcbe6c5000dacc8cb24a2b112c5729be2e5436a7f57f6cc648aeab65a8de56f76,913,385,0x5ed8cee6b63b1c6afce3ad7c92f4fd7e1b8fad9f,0xde0b295669a9fd93d5f28d9ec85e40f4cb697bae,0.0,56107,408926548,0xb61d27f6000000000000000000000000bc9a9ac7dc36b1706732374bf632ef39fb6efbc300000000000000000000000000000000000000000000003635c9adc5dea0000000000000000000000000000000000000000000000000000000000000000000600000000000000000000000000000000000000000000000000000000000000000,0xb61d27f6,"execute(address _to, uint256 _value, bytes _data)",,30432026,1,53096,781262,0
24113488,0x94253189680f50b2cac26b0ca2c568c6a376d278301d43a75107268daef6bc00,1766953271,0xfe59bf25bdac54081111c9f42fae9b467c0e89c9808829c23269df8fb4612714,8,85,0x7bbabab5860f59b0a74fdef802698fe4ebd31bcb,0xde0b295669a9fd93d5f28d9ec85e40f4cb697bae,0.0,24483,2027560144,0x7065cb480000000000000000000000007bbabab5860f59b0a74fdef802698fe4ebd31bcb,0x7065cb48,addOwner(address _owner),,14257064,1,24144,858643,0
24075322,0x431a5773aabb669dd7bde14e1aff9ab472ae9168a1693e828810884ad7ea6c2e,1766493011,0x69813140c39de65e7f2495615a7fd6ddf3508d82458833421e690ce481cceb6e,52,143,0xd8bed08a02e3af26f4fe5c5aaec432eb9a0566ba,0xde0b295669a9fd93d5f28d9ec85e40f4cb697bae,0.0,37764,1037121791,0xb61d27f6000000000000000000000000d8bed08a02e3af26f4fe5c5aaec432eb9a0566ba00000000000000000000000000000000000000000000d3c21bcecceda1000000000000000000000000000000000000000000000000000000000000000000006000000000000000000000000000000000000000000000000000000000000000047065cb4800000000000000000000000000000000000000000000000000000000,0xb61d27f6,"execute(address _to, uint256 _value, bytes _data)",,21813225,1,24836,896809,0
24075300,0x8ff092ed86b5d41478d9108e27d06ff945fb040e7b922f07dc9ec4a16e0ae8b6,1766492735,0x8931955cb06defa15c089beee44573259405af3e91e4eb85b5f0e209314c157e,51,101,0xd8bed08a02e3af26f4fe5c5aaec432eb9a0566ba,0xde0b295669a9fd93d5f28d9ec85e40f4cb697bae,0.0,36988,1033728350,0xcbf0b0c0000000000000000000000000d8bed08a02e3af26f4fe5c5aaec432eb9a0566ba,0xcbf0b0c0,kill(address _to),,15964681,1,24320,896831,0
